{
    "lighting": "none",
    "matrix": {
        "rows": 4,
        "cols": 15
    },
    "layouts": {
        "keymap":[
            [
              {
                "y": 0.75,
                "x": 1.5
              },
              "0,0",
              "0,1",
              {
                "x": 9.25
              },
              "0,10",
              "0,11",
              "0,12",
              {
                "w": 1.25
              },
              "0,13"
            ],
            [
              {
                "x": 1,
                "w": 1.5
              },
              "1,0",
              "1,1",
              {
                "x": 9.75
              },
              "1,10",
              "1,11",
              {
                "w": 2
              },
              "1,12"
            ],
            [
              {
                "x": 0.75,
                "w": 2
              },
              "2,0",
              "2,1",
              {
                "x": 9
              },
              "2,10",
              "2,11",
              "2,12",
              {
                "w": 1.25
              },
              "2,13"
            ],
            [
              {
                "x": 0.25,
                "w": 1.5
              },
              "3,0",
              {
                "w": 1.25
              },
              "3,1",
              {
                "x": 10.75
              },
              "3,12",
              "3,13",
              "3,14"
            ],
            [
              {
                "r": 15,
                "y": -5,
                "x": 4
              },
              "0,2",
              "0,3",
              "0,4",
              "0,5"
            ],
            [
              {
                "x": 4.25
              },
              "1,2",
              "1,3",
              "1,4",
              "1,5"
            ],
            [
              {
                "x": 4.75
              },
              "2,2",
              "2,3",
              "2,4",
              "2,5"
            ],
            [
              {
                "x": 5.75,
                "w": 2.25
              },
              "3,4",
              "3,5"
            ],
            [
              {
                "y": -0.8999999999999999,
                "x": 4.25,
                "w": 1.5
              },
              "3,2"
            ],
            [
              {
                "r": -15,
                "y": -0.20000000000000018,
                "x": 7.25
              },
              "0,6",
              "0,7",
              "0,8",
              "0,9"
            ],
            [
              {
                "x": 7.5
              },
              "1,6",
              "1,7",
              "1,8",
              "1,9"
            ],
            [
              {
                "x": 7
              },
              "2,6",
              "2,7",
              "2,8",
              "2,9"
            ],
            [
              {
                "x": 7.25,
                "w": 2.25
              },
              "3,7"
            ],
            [
              {
                "y": -0.9000000000000004,
                "x": 9.5,
                "w": 1.25
              },
              "3,9"
            ]
          ]
    }
}
